customer_id,age,gender,income_bracket,region,avg_monthly_spend,website_visits,device_type,purchase
1,56,Male,Medium,East,104.09,4,Mobile,1
2,46,Female,Medium,South,169.51,22,Mobile,1
3,32,Female,,West,57.9,26,Mobile,1
4,60,Female,High,North,181.99,17,Mobile,0
5,25,Male,,East,397.91,11,Mobile,0
6,38,Male,Medium,South,283.08,4,Mobile,0
7,56,Male,Low,East,206.64,26,Desktop,1
8,36,Male,Medium,East,217.28,13,Desktop,1
9,40,Male,Medium,South,50.61,20,Mobile,0
10,28,Male,Low,East,184.91,26,Desktop,0
11,28,Male,Low,North,340.91,17,Mobile,0
12,41,Male,Medium,West,488.39,9,Mobile,1
13,53,Female,Medium,West,431.18,4,Mobile,0
14,57,Female,Low,North,60.62,23,Mobile,0
15,41,Male,High,East,454.35,28,Mobile,0
16,20,Male,Low,South,402.44,14,Mobile,1
17,39,Female,Medium,East,401.17,19,Mobile,1
18,19,Male,High,North,256.1,26,Desktop,1
19,41,Male,Medium,East,229.1,28,Mobile,0
20,61,Male,Medium,West,186.31,3,Mobile,0
21,47,Female,Medium,East,79.56,14,Mobile,1
22,55,Female,Low,North,152.71,8,Mobile,1
23,19,Female,High,West,160.97,24,Mobile,0
24,38,Female,Medium,East,,27,Mobile,0
25,50,Female,High,East,386.35,28,Desktop,0
26,29,Male,Low,West,263.21,1,Mobile,0
27,39,Female,,South,76.03,10,Mobile,1
28,61,Male,Low,West,481.01,18,Mobile,0
29,42,Male,Medium,South,474.23,16,Mobile,0
30,44,Female,Medium,North,403.34,8,Mobile,0
31,59,Female,High,North,496.1,1,Mobile,0
32,45,Male,Medium,West,295.02,12,Mobile,0
33,33,Male,High,West,483.25,8,Mobile,0
34,32,Male,Low,North,,24,Mobile,0
35,64,Female,High,South,214.56,16,Mobile,1
36,61,Female,Medium,North,,18,Mobile,0
37,20,Female,Medium,West,138.12,4,Mobile,0
38,54,Female,High,North,113.36,6,Mobile,1
39,24,Female,Medium,West,330.09,12,Mobile,1
40,38,Male,Medium,West,,27,Mobile,1
41,26,Female,Low,North,310.23,9,Mobile,0
42,56,Male,Low,South,116.13,15,Mobile,0
43,35,Male,High,East,415.01,16,Mobile,0
44,21,Male,Medium,North,336.18,24,Desktop,0
45,42,Female,Medium,East,224.67,12,Mobile,0
46,31,Female,Medium,North,353.36,24,Desktop,1
47,26,Female,Low,East,166.96,23,Mobile,0
48,43,Male,Low,South,205.34,14,Mobile,0
49,19,Male,Medium,South,462.87,13,Mobile,0
50,37,Male,Medium,North,180.73,25,Mobile,0
51,45,Male,Low,West,261.49,2,Mobile,1
52,64,Male,Medium,East,450.56,3,Mobile,0
53,24,Male,Low,West,368.47,26,Mobile,1
54,61,Female,Medium,West,77.99,24,Mobile,1
55,25,Female,Low,West,116.29,22,Desktop,0
56,64,Female,Medium,South,53.53,10,Desktop,0
57,52,Female,Medium,North,333.91,9,Mobile,1
58,31,Male,Medium,North,251.45,26,Mobile,1
59,34,Male,Low,South,110.42,20,Mobile,0
60,53,Female,Low,South,481.07,8,Mobile,1
61,57,Male,Medium,North,288.35,10,Mobile,0
62,21,Female,Medium,West,158.85,19,Desktop,1
63,19,Female,Medium,East,275.27,3,Mobile,0
64,23,Female,Low,East,355.83,24,Mobile,0
65,59,Male,Medium,East,84.31,5,Mobile,1
66,21,Female,High,West,173.62,3,Desktop,0
67,46,Female,Medium,North,413.13,26,Mobile,0
68,35,Female,Low,South,256.85,27,Mobile,0
69,43,Male,Medium,North,295.96,16,Desktop,1
70,61,Male,Low,West,244.77,17,Mobile,1
71,51,Female,Low,South,69.75,15,Desktop,1
72,27,Male,High,West,124.59,3,Mobile,0
73,53,Male,Low,East,250.49,12,Desktop,1
74,31,Male,Medium,East,144.13,9,Mobile,0
75,48,Male,Medium,West,72.49,21,Mobile,0
76,32,Male,,South,429.64,12,Desktop,1
77,25,Male,Medium,South,491.54,26,Mobile,0
78,31,Male,Low,North,406.91,15,Mobile,0
79,40,Male,Medium,East,434.2,2,Mobile,0
80,57,Male,Medium,North,158.89,23,Mobile,0
81,38,Male,Low,North,482.28,18,Mobile,1
82,33,Female,Medium,West,138.62,20,Mobile,0
83,62,Female,Low,West,478.14,12,Mobile,1
84,35,Male,Low,North,497.67,23,Mobile,0
85,64,Female,Medium,East,370.28,4,Mobile,0
86,41,Female,Low,West,491.51,23,Mobile,0
87,43,Male,Medium,North,306.29,16,Desktop,1
88,42,Male,Medium,North,166.79,23,Desktop,1
89,62,Male,High,North,246.65,16,Desktop,1
90,58,Female,Low,North,317.1,1,Mobile,1
91,46,Female,Low,North,82.89,22,Mobile,0
92,32,Male,Low,North,330.05,25,Mobile,1
93,62,Male,Medium,West,491.53,2,Mobile,1
94,18,Male,Medium,East,135.55,3,Mobile,1
95,42,Female,,North,406.67,26,Mobile,0
96,24,Female,High,South,458.55,21,Mobile,0
97,26,Female,Low,West,474.67,25,Desktop,1
98,41,Female,Medium,West,,20,Mobile,1
99,18,Male,Medium,North,284.66,17,Mobile,0
100,61,Male,High,West,489.79,20,Mobile,1
101,25,Male,Medium,North,390.79,22,Mobile,1
102,41,Male,,East,122.75,21,Desktop,0
103,28,Female,Medium,East,264.61,29,Mobile,1
104,34,Female,High,West,373.25,1,Mobile,0
105,25,Male,Low,West,161.3,20,Mobile,0
106,52,Male,High,South,338.28,6,Mobile,0
107,52,Female,Medium,West,349.97,29,Mobile,0
108,50,Male,High,South,123.21,15,Desktop,1
109,22,Female,Medium,East,304.29,26,Desktop,0
110,59,Male,Medium,East,397.23,26,Desktop,0
111,56,Male,Medium,North,274.5,14,Mobile,0
112,58,Male,Medium,East,55.45,20,Desktop,0
113,45,Male,Low,South,54.07,15,Mobile,0
114,24,Male,Low,West,210.66,14,Mobile,1
115,26,Male,Low,North,466.79,25,Mobile,0
116,25,Male,Low,South,152.9,21,Mobile,1
117,29,Female,High,West,335.46,24,Mobile,1
118,51,Female,Low,North,149.93,25,Desktop,0
119,50,Female,High,East,194.75,26,Mobile,1
120,40,Female,,South,431.62,5,Mobile,0
121,41,Female,Low,West,377.99,6,Mobile,0
122,54,Male,Medium,North,92.93,17,Desktop,0
123,52,Male,Medium,North,242.92,11,Desktop,0
124,61,Female,Medium,East,63.13,16,Desktop,0
125,57,Male,Medium,West,266.4,12,Mobile,1
126,39,Female,Medium,East,348.1,15,Mobile,0
127,44,Female,Low,East,103.33,23,Mobile,1
128,52,Male,High,West,180.0,4,Mobile,0
129,18,Male,High,West,229.03,27,Mobile,1
130,52,Male,Medium,West,463.79,18,Mobile,0
131,54,Female,Low,South,496.96,21,Mobile,0
132,64,Male,Medium,West,70.21,28,Desktop,0
133,31,Female,Low,North,392.45,3,Mobile,0
134,20,Female,Low,East,217.28,22,Mobile,0
135,18,Female,,South,226.61,8,Mobile,1
136,22,Male,Medium,West,,23,Desktop,0
137,43,Male,High,South,463.29,3,Desktop,1
138,31,Female,Medium,West,477.92,8,Desktop,1
139,56,Male,Medium,South,309.71,18,Desktop,1
140,44,Male,Medium,East,210.7,10,Mobile,0
141,26,Male,Medium,East,404.4,25,Mobile,0
142,32,Female,Medium,North,162.95,20,Mobile,1
143,32,Female,,North,303.83,17,Mobile,1
144,43,Male,Low,West,211.36,8,Mobile,0
145,59,Female,High,East,345.48,23,Mobile,0
146,30,Male,Medium,South,158.18,11,Desktop,0
147,49,Male,Medium,South,136.22,29,Desktop,0
148,56,Male,Medium,South,463.21,5,Desktop,1
149,49,Male,Medium,North,95.81,26,Desktop,0
150,21,Female,High,South,277.68,13,Mobile,0
151,47,Female,,North,149.38,21,Mobile,0
152,54,Female,Medium,North,67.52,23,Mobile,0
153,40,Male,Low,West,66.21,5,Mobile,1
154,56,Male,Medium,South,128.85,24,Desktop,1
155,62,Male,High,South,440.05,27,Mobile,0
156,32,Female,Low,East,177.12,13,Desktop,1
157,60,Male,Medium,West,477.71,6,Mobile,0
158,46,Female,Medium,East,311.73,29,Mobile,0
159,53,Female,Medium,West,246.48,5,Mobile,0
160,30,Female,,South,311.04,9,Mobile,0
161,49,Female,Medium,North,282.51,27,Mobile,0
162,24,Female,High,North,391.45,16,Mobile,0
163,39,Female,Low,North,177.12,2,Desktop,1
164,45,Male,Low,North,208.87,1,Mobile,0
165,19,Male,High,North,452.34,8,Mobile,1
166,59,Female,Low,East,475.91,28,Mobile,0
167,62,Female,High,West,451.65,19,Mobile,1
168,23,Male,Medium,South,238.75,11,Desktop,1
169,45,Female,Low,East,401.16,28,Mobile,0
170,45,Female,High,West,264.35,12,Desktop,1
171,61,Male,Medium,North,273.89,12,Mobile,0
172,61,Female,Medium,West,142.11,7,Desktop,1
173,37,Female,Medium,West,316.01,26,Mobile,0
174,47,Female,,North,133.76,13,Mobile,1
175,28,Male,,North,199.2,27,Mobile,1
176,45,Male,Medium,North,434.76,8,Mobile,0
177,42,Male,High,South,143.18,29,Mobile,0
178,56,Female,Low,North,82.02,29,Mobile,1
179,50,Female,Medium,South,81.05,22,Mobile,0
180,18,Male,Medium,North,473.35,28,Mobile,0
181,44,Female,Medium,South,278.11,26,Mobile,0
182,30,Female,Low,West,234.24,9,Desktop,0
183,58,Female,High,East,414.9,7,Mobile,1
184,20,Female,Medium,West,426.12,26,Mobile,0
185,56,Female,Low,West,199.49,21,Mobile,0
186,23,Male,Low,North,362.13,24,Desktop,1
187,25,Female,Low,South,397.01,15,Mobile,1
188,44,Male,Medium,East,344.59,2,Mobile,0
189,26,Female,Medium,North,118.22,23,Desktop,0
190,54,Male,High,North,,20,Desktop,1
191,50,Female,Medium,North,292.59,25,Mobile,1
192,59,Male,Low,West,177.11,12,Mobile,0
193,61,Female,Medium,South,241.35,1,Desktop,0
194,41,Male,Medium,South,66.91,23,Mobile,0
195,32,Female,Low,East,107.54,22,Mobile,0
196,49,Male,Low,South,394.5,8,Mobile,0
197,49,Female,Low,South,,5,Desktop,1
198,41,Male,Medium,North,237.45,15,Mobile,0
199,58,Male,Medium,North,285.13,1,Desktop,1
200,29,Female,Medium,West,74.59,1,Mobile,0
201,56,Female,High,North,487.89,25,Mobile,1
202,19,Male,High,North,151.76,10,Mobile,1
203,20,Female,Medium,North,186.89,22,Mobile,0
204,54,Male,High,North,186.77,10,Desktop,0
205,34,Male,Low,West,153.69,21,Desktop,0
206,19,Male,Low,North,50.66,15,Mobile,1
207,19,Female,,East,378.21,17,Mobile,1
208,45,Male,Low,East,485.08,22,Mobile,0
209,40,Male,Medium,East,150.93,6,Mobile,0
210,54,Female,High,East,348.37,3,Mobile,0
211,49,Female,Low,North,383.85,13,Mobile,1
212,50,Female,Low,East,431.79,16,Mobile,0
213,18,Female,Medium,North,240.18,8,Desktop,0
214,36,Male,High,West,186.32,15,Desktop,0
215,19,Male,Medium,East,196.38,17,Mobile,0
216,61,Male,Medium,South,370.68,17,Desktop,1
217,43,Male,Low,East,417.55,22,Mobile,0
218,49,Female,Low,East,131.73,26,Mobile,1
219,23,Male,High,North,216.92,13,Mobile,0
220,49,Male,High,East,455.87,17,Mobile,0
221,21,Female,Low,South,413.01,6,Mobile,1
222,28,Male,High,North,493.19,17,Mobile,1
223,34,Male,Medium,North,389.41,16,Desktop,1
224,55,Male,High,West,226.94,14,Desktop,0
225,41,Male,Medium,West,315.79,13,Mobile,0
226,22,Male,Medium,East,347.46,6,Desktop,1
227,51,Male,Medium,West,85.31,3,Mobile,0
228,23,Female,Medium,West,295.02,14,Mobile,0
229,39,Female,Low,West,369.19,14,Mobile,1
230,28,Male,Low,North,125.29,15,Mobile,1
231,33,Male,Medium,North,401.28,8,Mobile,1
232,50,Female,Medium,North,312.7,29,Mobile,1
233,26,Male,Low,West,478.5,15,Mobile,1
234,23,Male,Medium,North,69.09,22,Desktop,0
235,33,Male,High,West,169.4,29,Mobile,0
236,46,Female,Low,North,320.7,27,Mobile,0
237,20,Male,Medium,North,183.45,13,Mobile,0
238,37,Female,Medium,South,371.49,17,Mobile,0
239,53,Male,High,East,391.55,21,Mobile,0
240,36,Female,Low,West,96.13,24,Desktop,0
241,43,Female,Medium,South,281.23,3,Mobile,0
242,20,Male,High,North,279.0,28,Mobile,0
243,36,Female,High,West,216.18,6,Mobile,0
244,37,Male,Medium,North,469.82,5,Mobile,0
245,49,Female,Medium,East,422.38,22,Mobile,1
246,24,Male,Medium,South,363.74,26,Mobile,0
247,58,Male,High,East,371.45,17,Desktop,0
248,50,Female,,South,257.77,23,Mobile,1
249,57,Male,Low,North,464.45,25,Mobile,0
250,56,Male,,East,362.57,2,Mobile,0
251,35,Female,,East,378.04,26,Mobile,0
252,57,Male,Medium,North,437.76,15,Mobile,0
253,18,Male,Low,East,173.33,5,Desktop,1
254,28,Female,Medium,West,413.18,26,Mobile,0
255,45,Female,Medium,South,137.86,20,Mobile,1
256,42,Male,Medium,South,205.4,6,Mobile,0
257,40,Male,Low,South,201.02,6,Mobile,0
258,48,Female,Medium,West,490.34,27,Mobile,0
259,47,Female,High,South,435.44,18,Mobile,0
260,59,Male,,North,365.53,18,Mobile,0
261,52,Female,,East,377.18,4,Mobile,0
262,24,Male,Medium,West,,17,Desktop,0
263,33,Male,High,South,476.19,25,Mobile,1
264,43,Male,Medium,North,273.32,14,Mobile,0
265,19,Male,Medium,East,221.23,14,Mobile,1
266,18,Male,Medium,East,123.37,13,Mobile,1
267,29,Female,High,West,403.79,7,Mobile,0
268,22,Female,Medium,West,380.5,12,Mobile,0
269,54,Female,Medium,West,222.96,23,Mobile,0
270,49,Female,Medium,North,61.34,15,Mobile,1
271,26,Male,High,North,427.55,19,Mobile,0
272,58,Male,Medium,West,55.14,11,Mobile,1
273,52,Male,Medium,South,366.66,15,Desktop,0
274,36,Male,,East,486.62,12,Mobile,1
275,33,Female,High,East,246.95,3,Mobile,0
276,20,Male,Low,North,155.74,17,Mobile,1
277,37,Male,Medium,East,367.19,3,Mobile,0
278,41,Female,Low,South,417.71,19,Mobile,0
279,50,Female,Medium,East,295.89,20,Mobile,0
280,41,Female,Medium,North,485.17,4,Desktop,0
281,28,Female,Medium,North,73.25,3,Mobile,1
282,25,Male,,South,277.16,26,Mobile,0
283,53,Male,Medium,South,373.3,16,Mobile,0
284,55,Female,Medium,East,438.19,12,Mobile,0
285,57,Male,Low,East,,8,Mobile,0
286,37,Male,Medium,North,410.0,24,Desktop,0
287,52,Male,Low,South,298.72,29,Mobile,1
288,42,Female,Low,South,228.45,29,Desktop,0
289,52,Male,Medium,South,109.27,17,Desktop,1
290,42,Female,Medium,East,,7,Desktop,0
291,46,Male,Medium,South,,11,Mobile,0
292,35,Male,Medium,North,189.4,18,Mobile,1
293,63,Male,Medium,North,180.52,1,Mobile,1
294,35,Female,High,East,442.14,3,Mobile,0
295,19,Male,Medium,West,352.72,4,Mobile,1
296,52,Female,Medium,East,408.51,13,Desktop,0
297,33,Female,Low,West,162.71,6,Mobile,0
298,58,Female,Medium,South,331.19,26,Mobile,1
299,53,Male,Medium,East,307.29,14,Mobile,0
300,50,Male,Medium,North,424.77,5,Mobile,0
301,21,Male,Medium,South,457.74,16,Mobile,1
302,50,Male,Medium,North,55.47,15,Desktop,1
303,31,Female,Medium,South,353.31,15,Mobile,0
304,38,Female,Medium,East,73.33,4,Desktop,0
305,37,Female,High,West,296.99,8,Desktop,0
306,25,Male,Medium,South,179.43,27,Desktop,1
307,24,Female,High,West,188.05,16,Mobile,1
308,20,Male,Low,South,208.83,28,Desktop,0
309,34,Female,Low,North,329.58,16,Mobile,0
310,50,Male,Low,North,200.32,4,Mobile,0
311,29,Male,Medium,South,,13,Mobile,1
312,39,Female,High,West,232.04,26,Mobile,1
313,39,Female,Low,East,80.76,28,Mobile,1
314,63,Female,High,East,402.69,13,Mobile,1
315,47,Female,Low,North,178.59,2,Mobile,0
316,55,Male,High,East,244.75,3,Desktop,0
317,55,Female,Medium,North,358.45,22,Mobile,0
318,62,Female,Low,East,199.61,8,Mobile,0
319,25,Female,Medium,South,75.46,24,Mobile,0
320,44,Male,Low,North,218.26,15,Mobile,0
321,44,Male,Low,North,475.0,11,Desktop,1
322,51,Female,Medium,South,338.78,9,Mobile,1
323,38,Male,High,North,352.17,7,Mobile,0
324,47,Female,Medium,East,334.53,13,Mobile,0
325,50,Male,Medium,East,139.55,2,Desktop,0
326,45,Male,Medium,North,238.25,8,Mobile,1
327,64,Male,Medium,East,387.92,7,Desktop,1
328,50,Male,Low,West,95.62,24,Mobile,0
329,22,Female,Medium,North,175.03,12,Mobile,0
330,36,Female,Low,South,174.34,19,Mobile,0
331,21,Female,Low,West,244.41,7,Desktop,0
332,52,Male,Medium,North,491.17,10,Mobile,0
333,34,Female,Low,South,80.38,29,Mobile,1
334,61,Female,Medium,East,283.42,25,Mobile,1
335,45,Female,Medium,South,130.71,16,Mobile,0
336,47,Male,Low,West,486.8,3,Mobile,1
337,46,Male,Medium,East,100.99,10,Desktop,1
338,63,Male,Low,North,231.62,6,Mobile,0
339,23,Female,High,East,382.05,18,Mobile,0
340,52,Female,Medium,North,,18,Desktop,1
341,58,Female,High,North,240.23,5,Mobile,0
342,54,Male,Medium,South,205.94,21,Mobile,1
343,41,Male,Low,South,228.93,29,Mobile,1
344,46,Female,Medium,South,168.92,7,Mobile,1
345,63,Male,High,West,142.4,28,Mobile,1
346,48,Male,Medium,West,267.37,2,Mobile,1
347,52,Male,High,South,170.84,11,Mobile,1
348,50,Male,High,West,179.36,13,Mobile,0
349,38,Female,Low,East,345.54,23,Desktop,0
350,49,Male,Low,East,,5,Desktop,0
351,40,Male,Medium,West,321.64,6,Desktop,1
352,50,Male,Medium,West,84.64,24,Desktop,0
353,20,Male,High,East,84.01,26,Mobile,0
354,35,Female,High,North,478.14,29,Desktop,0
355,42,Female,Medium,East,183.78,14,Mobile,1
356,59,Male,Low,East,91.43,12,Mobile,1
357,48,Male,Medium,West,319.57,4,Mobile,1
358,20,Male,Low,East,330.64,29,Mobile,0
359,57,Male,High,West,341.83,23,Desktop,1
360,63,Male,Medium,West,,6,Desktop,1
361,41,Male,Medium,South,56.8,10,Mobile,0
362,49,Female,Low,East,484.26,18,Desktop,0
363,64,Male,Medium,North,162.9,15,Mobile,0
364,39,Female,Medium,South,354.21,8,Mobile,1
365,40,Female,Medium,West,367.98,26,Mobile,0
366,19,Male,,West,324.5,9,Mobile,0
367,44,Female,Medium,North,190.81,5,Desktop,1
368,59,Female,High,West,171.99,10,Desktop,0
369,19,Female,Low,East,318.95,20,Desktop,0
370,43,Female,Low,South,439.74,6,Mobile,1
371,34,Female,Low,West,476.03,16,Desktop,0
372,57,Female,Medium,West,97.66,24,Mobile,1
373,50,Male,Medium,North,119.67,27,Desktop,0
374,26,Female,Medium,East,475.13,3,Mobile,1
375,60,Female,Low,West,381.44,10,Mobile,1
376,56,Female,Medium,North,447.35,11,Mobile,0
377,46,Male,Medium,West,141.18,11,Mobile,0
378,59,Female,Medium,North,314.41,17,Mobile,1
379,43,Male,High,North,365.51,4,Mobile,1
380,52,Female,Low,East,356.05,4,Mobile,1
381,42,Male,Medium,West,233.67,17,Mobile,1
382,41,Male,Medium,East,56.93,9,Mobile,0
383,30,Female,Medium,North,312.32,19,Mobile,0
384,24,Female,Medium,South,163.9,5,Mobile,1
385,53,Male,Medium,West,252.61,22,Mobile,0
386,62,Female,High,South,480.91,24,Mobile,0
387,37,Male,Low,West,229.57,6,Desktop,0
388,18,Male,Low,East,427.91,3,Desktop,0
389,25,Male,Medium,East,134.84,22,Mobile,0
390,63,Male,Medium,East,352.61,1,Desktop,1
391,33,Male,Low,East,489.65,20,Desktop,0
392,31,Female,Low,East,95.85,22,Desktop,0
393,29,Male,Low,South,53.74,16,Mobile,1
394,40,Male,High,East,245.11,23,Mobile,1
395,32,Female,Low,North,91.68,11,Mobile,0
396,45,Male,Medium,North,386.77,13,Mobile,0
397,51,Female,Low,South,461.55,27,Mobile,1
398,19,Female,Medium,West,245.31,10,Mobile,1
399,49,Female,Low,North,166.42,3,Desktop,1
400,40,Male,Medium,West,245.48,9,Desktop,1
401,39,Male,Low,South,375.55,28,Mobile,1
402,42,Male,High,West,54.07,12,Mobile,0
403,39,Female,Low,West,315.25,23,Mobile,1
404,39,Male,Medium,West,325.98,14,Desktop,0
405,59,Female,High,West,336.96,1,Mobile,1
406,23,Male,Medium,South,158.91,18,Mobile,1
407,32,Female,Medium,North,371.32,17,Mobile,0
408,60,Male,Medium,East,91.13,27,Mobile,0
409,54,Male,Medium,West,139.67,9,Mobile,0
410,50,Male,Medium,North,444.86,9,Mobile,0
411,25,Female,High,North,382.43,23,Desktop,1
412,61,Female,Medium,South,56.19,10,Desktop,0
413,61,Male,Medium,North,161.77,19,Desktop,1
414,22,Male,Medium,South,146.48,29,Desktop,0
415,56,Female,Medium,West,171.86,15,Mobile,1
416,21,Female,Low,West,161.4,5,Mobile,1
417,23,Female,Medium,East,78.14,15,Desktop,1
418,62,Male,High,East,256.52,20,Desktop,0
419,49,Female,Low,East,379.73,23,Mobile,1
420,47,Male,Medium,North,323.03,25,Mobile,0
421,64,Female,Low,West,352.79,28,Mobile,0
422,52,Male,Medium,South,86.52,2,Mobile,0
423,57,Female,Low,East,478.17,13,Mobile,0
424,33,Female,,South,427.32,24,Mobile,1
425,30,Female,Medium,South,412.29,16,Mobile,0
426,59,Female,Medium,East,420.34,15,Mobile,1
427,47,Female,Medium,West,,25,Desktop,1
428,36,Male,Medium,East,294.91,10,Mobile,0
429,34,Female,High,South,140.13,14,Mobile,1
430,36,Female,Low,East,327.55,10,Mobile,0
431,45,Female,Medium,South,384.3,25,Desktop,0
432,43,Male,Low,South,382.06,14,Mobile,0
433,54,Female,High,East,284.65,26,Desktop,1
434,43,Male,High,North,80.81,23,Mobile,1
435,40,Female,Medium,East,217.0,9,Desktop,0
436,26,Female,High,North,464.34,25,Desktop,0
437,29,Male,Medium,South,313.0,14,Mobile,1
438,18,Female,Medium,South,292.25,3,Mobile,0
439,18,Male,Low,North,170.98,20,Mobile,1
440,64,Male,Medium,South,215.8,16,Mobile,0
441,51,Female,Low,North,452.91,2,Mobile,0
442,49,Male,High,North,349.91,10,Mobile,1
443,42,Female,Medium,South,404.32,3,Mobile,0
444,57,Female,Medium,West,254.46,11,Mobile,1
445,62,Male,Low,North,,11,Mobile,1
446,18,Male,Medium,East,161.77,21,Mobile,0
447,33,Male,Low,East,367.46,21,Mobile,0
448,56,Male,Medium,South,242.42,22,Mobile,1
449,22,Female,Low,West,249.15,13,Mobile,1
450,39,Female,High,South,342.2,7,Mobile,0
451,46,Male,Medium,West,471.33,23,Desktop,1
452,20,Female,Medium,North,78.8,17,Mobile,0
453,29,Female,Medium,North,421.13,2,Mobile,0
454,43,Female,Medium,North,181.57,12,Mobile,1
455,33,Female,Medium,North,249.76,25,Desktop,0
456,54,Male,Medium,East,59.86,10,Desktop,1
457,39,Male,High,East,185.47,18,Desktop,0
458,46,Female,Medium,South,276.18,22,Mobile,1
459,31,Male,High,West,75.28,27,Mobile,0
460,45,Male,High,North,,11,Mobile,0
461,22,Male,Low,North,467.2,16,Mobile,1
462,64,Female,High,West,97.43,17,Desktop,0
463,47,Female,Low,West,394.0,19,Mobile,0
464,63,Female,High,South,234.35,18,Desktop,0
465,22,Male,Medium,West,344.83,3,Mobile,0
466,29,Female,High,North,167.11,21,Desktop,1
467,33,Female,High,North,121.77,27,Mobile,0
468,43,Male,High,North,122.21,26,Mobile,0
469,43,Female,Medium,North,81.72,16,Mobile,0
470,38,Female,Medium,North,133.54,6,Mobile,0
471,56,Male,Low,South,348.9,25,Mobile,0
472,53,Male,,North,446.76,12,Desktop,0
473,50,Male,Low,South,416.36,11,Mobile,0
474,47,Female,Medium,North,358.31,15,Mobile,1
475,54,Female,Medium,East,99.69,15,Mobile,1
476,40,Female,High,East,180.13,16,Mobile,0
477,27,Male,Medium,East,189.41,10,Desktop,0
478,22,Male,High,East,162.48,12,Desktop,0
479,53,Female,Low,South,281.75,28,Desktop,0
480,51,Female,High,South,291.0,13,Desktop,0
481,48,Male,High,West,210.6,4,Desktop,0
482,27,Male,Medium,North,209.21,7,Mobile,0
483,36,Male,Medium,East,422.85,22,Desktop,0
484,49,Male,,South,405.18,2,Mobile,0
485,18,Female,Low,North,188.51,26,Mobile,0
486,22,Male,Medium,North,461.2,27,Mobile,0
487,62,Female,Medium,South,478.77,27,Desktop,0
488,21,Female,Low,East,197.03,27,Desktop,0
489,33,Female,Medium,West,209.49,15,Mobile,0
490,41,Male,Low,North,277.54,8,Desktop,0
491,33,Male,,West,473.5,7,Desktop,0
492,19,Male,Low,East,444.34,15,Mobile,0
493,45,Male,High,East,96.16,23,Mobile,0
494,49,Female,Medium,West,226.73,14,Desktop,0
495,44,Male,High,East,299.02,8,Mobile,0
496,37,Male,Medium,North,276.41,28,Mobile,1
497,41,Female,Medium,West,137.24,12,Mobile,0
498,29,Male,Medium,East,436.47,13,Mobile,0
499,52,Female,Medium,West,354.62,11,Desktop,1
500,50,Female,Low,North,,17,Mobile,0
501,50,Female,Medium,East,436.44,29,Desktop,0
502,60,Female,Low,North,386.76,17,Desktop,1
503,54,Female,Medium,East,247.64,24,Desktop,1
504,29,Female,Medium,South,324.75,4,Mobile,0
505,20,Female,Low,East,122.16,21,Mobile,0
506,18,Female,Low,West,353.14,8,Mobile,0
507,50,Male,Medium,East,130.66,5,Mobile,0
508,57,Male,Medium,North,362.28,26,Desktop,0
509,27,Male,Low,North,153.32,16,Mobile,0
510,60,Male,High,East,102.9,4,Mobile,0
511,61,Female,,West,124.38,28,Mobile,1
512,46,Male,Medium,South,50.9,22,Desktop,1
513,30,Female,High,West,373.43,29,Desktop,0
514,29,Male,Low,South,379.58,15,Mobile,1
515,48,Male,Low,North,281.72,12,Desktop,0
516,63,Male,Low,West,122.61,5,Mobile,1
517,19,Female,Medium,South,87.6,23,Mobile,0
518,52,Male,Low,East,58.61,16,Desktop,0
519,40,Female,Medium,North,124.59,14,Mobile,0
520,34,Female,Low,East,450.88,10,Desktop,0
521,43,Male,Medium,North,158.69,7,Mobile,0
522,25,Male,High,West,209.42,13,Mobile,1
523,46,Male,High,West,,20,Desktop,1
524,43,Female,Medium,North,150.06,28,Mobile,0
525,27,Male,Medium,North,283.65,29,Desktop,0
526,43,Female,,North,323.49,5,Desktop,0
527,51,Female,Medium,West,160.41,29,Mobile,1
528,58,Male,Medium,South,75.98,3,Mobile,1
529,24,Male,Low,East,225.96,15,Mobile,1
530,21,Female,High,East,155.39,4,Mobile,1
531,62,Female,Medium,West,148.8,15,Mobile,0
532,28,Female,Low,East,481.94,14,Mobile,0
533,46,Male,Medium,North,327.34,20,Mobile,0
534,53,Female,Medium,South,300.6,19,Mobile,1
535,42,Male,High,East,237.1,13,Desktop,0
536,38,Female,Medium,South,243.02,10,Desktop,0
537,53,Female,Medium,North,293.41,21,Desktop,1
538,27,Male,Low,East,363.39,5,Mobile,0
539,54,Female,Medium,West,365.97,27,Desktop,0
540,26,Male,Medium,South,127.26,23,Mobile,1
541,41,Male,Low,North,275.05,20,Desktop,0
542,52,Female,Low,South,235.38,29,Desktop,0
543,52,Male,Medium,East,441.74,20,Mobile,1
544,53,Male,Low,East,334.14,25,Mobile,1
545,35,Female,Medium,West,289.63,6,Desktop,1
546,56,Male,Low,North,101.93,4,Desktop,0
547,49,Male,Low,North,322.54,2,Desktop,0
548,41,Male,Low,West,102.74,22,Mobile,1
549,40,Female,High,West,201.74,16,Mobile,0
550,49,Male,High,North,114.28,18,Mobile,0
551,54,Female,High,South,361.43,5,Desktop,1
552,29,Female,Medium,South,142.81,22,Mobile,0
553,30,Male,,West,226.34,4,Desktop,0
554,40,Male,Medium,South,453.05,13,Mobile,0
555,42,Male,Medium,North,141.94,19,Mobile,0
556,52,Female,High,East,278.51,23,Mobile,0
557,58,Male,Low,East,238.67,2,Desktop,0
558,47,Male,Medium,South,58.16,13,Mobile,1
559,34,Male,Low,West,406.74,11,Mobile,1
560,37,Male,Medium,West,81.07,22,Mobile,0
561,42,Male,Medium,West,263.41,29,Mobile,0
562,39,Female,Medium,West,302.31,4,Mobile,0
563,30,Female,Medium,West,332.79,22,Desktop,0
564,36,Male,Medium,South,359.88,20,Mobile,1
565,53,Male,Medium,East,163.97,20,Mobile,1
566,29,Male,Medium,East,54.49,15,Desktop,1
567,58,Male,High,South,375.55,4,Desktop,0
568,36,Female,High,West,291.05,9,Mobile,0
569,29,Male,Medium,South,426.25,7,Mobile,0
570,26,Female,Medium,East,419.62,19,Desktop,0
571,24,Female,Medium,North,429.5,19,Desktop,1
572,45,Male,Medium,South,268.29,6,Desktop,1
573,31,Female,Low,West,200.13,6,Mobile,0
574,48,Female,High,East,406.2,20,Mobile,1
575,36,Female,Low,East,253.08,15,Desktop,0
576,64,Female,High,East,,15,Mobile,0
577,33,Male,Medium,East,434.74,25,Mobile,0
578,22,Male,Medium,West,447.15,20,Desktop,0
579,52,Female,Medium,North,259.84,9,Mobile,0
580,29,Male,High,East,84.06,4,Mobile,1
581,42,Male,Medium,South,224.52,18,Mobile,1
582,38,Male,Medium,North,411.59,18,Mobile,0
583,53,Male,Low,East,455.8,5,Mobile,0
584,40,Male,Medium,North,141.56,20,Desktop,1
585,33,Female,Low,South,80.14,23,Mobile,1
586,56,Male,Medium,East,444.81,11,Mobile,1
587,62,Male,Medium,South,225.23,5,Desktop,0
588,59,Male,Medium,West,,22,Mobile,1
589,56,Male,Low,East,485.63,26,Mobile,0
590,31,Female,Low,East,79.95,4,Desktop,1
591,48,Female,Medium,East,341.74,29,Desktop,0
592,22,Female,Low,East,83.35,12,Mobile,1
593,52,Female,Low,West,218.96,2,Desktop,0
594,40,Male,Low,East,411.72,13,Mobile,0
595,46,Female,High,North,245.06,10,Desktop,0
596,60,Male,Medium,East,498.73,9,Mobile,0
597,28,Male,Medium,West,301.58,10,Desktop,1
598,35,Male,Low,East,194.52,7,Mobile,1
599,64,Male,Medium,North,149.05,4,Mobile,1
600,29,Male,Medium,West,207.73,19,Mobile,0
601,26,Female,Medium,West,217.64,10,Mobile,1
602,27,Female,Low,North,80.92,3,Desktop,1
603,61,Female,Low,North,216.31,25,Mobile,0
604,34,Female,Low,North,258.91,21,Mobile,0
605,55,Male,Medium,North,375.23,29,Mobile,1
606,24,Female,Medium,North,345.53,19,Mobile,1
607,63,Male,Low,West,368.94,21,Desktop,1
608,30,Female,Low,West,,2,Desktop,0
609,57,Male,Low,East,147.95,27,Mobile,0
610,59,Male,High,East,,20,Desktop,0
611,26,Female,Low,South,267.8,10,Desktop,1
612,44,Male,Medium,East,52.39,2,Mobile,1
613,19,Male,Medium,East,412.02,2,Mobile,0
614,22,Female,,North,397.76,28,Desktop,1
615,46,Male,Low,North,296.79,24,Mobile,0
616,54,Female,Low,East,79.91,17,Desktop,1
617,55,Female,Medium,South,394.93,16,Mobile,0
618,36,Female,,North,312.67,16,Mobile,0
619,25,Male,Medium,East,401.88,14,Mobile,0
620,62,Male,Medium,East,388.29,7,Mobile,0
621,18,Male,Low,West,411.35,21,Desktop,0
622,39,Female,High,South,283.1,11,Mobile,0
623,34,Male,Medium,West,113.15,24,Mobile,0
624,24,Female,Low,South,352.02,1,Desktop,1
625,42,Female,High,North,329.21,11,Mobile,0
626,62,Male,Medium,South,384.01,23,Mobile,0
627,21,Female,Medium,East,126.45,21,Desktop,0
628,53,Male,Medium,East,137.74,4,Desktop,1
629,23,Male,High,South,,7,Mobile,0
630,48,Male,Medium,South,387.49,26,Mobile,1
631,36,Male,Low,South,458.7,15,Mobile,1
632,61,Male,Medium,West,391.42,18,Mobile,0
633,56,Female,High,South,,12,Mobile,0
634,44,Female,Low,North,344.36,17,Mobile,0
635,27,Female,Medium,West,450.11,1,Mobile,0
636,43,Male,Medium,West,310.46,11,Mobile,1
637,36,Male,Medium,South,334.58,28,Mobile,1
638,56,Male,Medium,North,120.41,1,Mobile,0
639,20,Female,,West,263.26,15,Desktop,0
640,62,Male,Low,East,372.38,28,Desktop,1
641,30,Female,Low,West,,21,Mobile,1
642,45,Female,,South,141.01,10,Mobile,0
643,37,Male,High,North,191.22,7,Mobile,0
644,45,Male,Medium,South,158.68,2,Mobile,0
645,25,Female,Low,East,146.71,10,Mobile,1
646,58,Male,High,East,241.18,24,Mobile,0
647,56,Female,High,East,458.53,4,Mobile,0
648,18,Male,High,South,278.18,12,Desktop,1
649,20,Male,High,West,134.56,19,Mobile,1
650,30,Female,Low,South,84.64,26,Mobile,1
651,45,Male,Medium,North,,11,Desktop,0
652,42,Female,Medium,West,222.26,8,Mobile,0
653,50,Male,High,East,419.82,18,Mobile,1
654,55,Female,Medium,South,346.78,11,Mobile,0
655,23,Female,Medium,East,408.31,11,Mobile,0
656,61,Male,Medium,East,172.38,13,Desktop,0
657,62,Female,Low,North,361.56,3,Mobile,0
658,49,Male,Medium,West,168.83,12,Mobile,0
659,62,Male,High,North,472.58,3,Mobile,1
660,64,Male,High,North,336.37,10,Mobile,1
661,38,Female,Low,North,196.03,27,Desktop,1
662,33,Female,Low,East,171.28,17,Desktop,0
663,38,Male,Low,North,135.92,22,Mobile,0
664,28,Male,Medium,North,362.59,2,Mobile,0
665,54,Female,High,West,148.42,17,Mobile,1
666,53,Male,Low,West,317.89,16,Desktop,0
667,52,Male,Medium,North,169.09,2,Mobile,1
668,36,Female,High,West,347.89,28,Mobile,1
669,37,Male,Medium,West,416.72,22,Mobile,0
670,35,Female,Medium,North,400.11,20,Mobile,0
671,64,Male,Medium,East,392.38,6,Mobile,1
672,58,Female,Medium,North,134.48,28,Mobile,1
673,31,Male,,West,89.77,25,Mobile,0
674,32,Male,Medium,East,,29,Mobile,0
675,48,Female,Medium,South,215.76,10,Mobile,1
676,18,Male,High,East,244.56,28,Desktop,0
677,20,Female,Medium,West,64.02,10,Mobile,0
678,33,Male,Medium,East,166.81,8,Mobile,0
679,40,Female,Low,North,65.15,1,Mobile,0
680,28,Female,Medium,South,445.63,13,Mobile,0
681,29,Female,Low,South,159.53,24,Mobile,0
682,27,Female,Low,South,300.8,9,Desktop,0
683,49,Male,Medium,West,67.54,22,Mobile,0
684,33,Male,High,West,350.08,10,Desktop,1
685,25,Female,Low,South,195.36,15,Mobile,1
686,55,Female,Medium,East,454.06,5,Mobile,1
687,29,Female,High,South,449.65,22,Mobile,1
688,41,Male,Low,East,196.38,16,Mobile,0
689,45,Male,Medium,East,455.43,13,Desktop,0
690,25,Male,Medium,West,498.27,22,Desktop,1
691,45,Male,Medium,East,421.44,25,Desktop,0
692,53,Female,Low,South,430.19,20,Desktop,0
693,43,Female,Medium,West,162.05,18,Desktop,1
694,25,Female,Medium,North,,11,Mobile,0
695,45,Male,Medium,North,80.27,27,Mobile,0
696,45,Male,Low,West,92.71,9,Mobile,1
697,54,Male,Medium,South,499.5,16,Mobile,1
698,58,Female,Low,North,196.99,2,Desktop,0
699,53,Female,Medium,North,386.68,26,Mobile,1
700,44,Male,Low,East,413.0,25,Mobile,1
701,34,Female,High,East,436.11,2,Mobile,1
702,26,Male,Medium,South,498.93,12,Mobile,0
703,50,Male,Medium,West,158.67,8,Mobile,0
704,37,Female,Low,South,68.16,9,Mobile,1
705,30,Male,,West,235.04,12,Mobile,1
706,45,Female,High,North,108.54,26,Mobile,1
707,46,Male,High,East,60.09,9,Mobile,0
708,30,Female,Medium,South,212.19,10,Mobile,0
709,63,Female,Medium,South,402.68,25,Mobile,1
710,52,Female,Medium,West,304.78,2,Mobile,0
711,23,Male,High,West,190.75,16,Mobile,0
712,35,Male,Medium,South,344.45,20,Mobile,0
713,22,Female,Medium,West,154.41,7,Mobile,0
714,64,Female,Medium,South,56.47,28,Mobile,1
715,42,Male,Medium,South,393.96,2,Mobile,1
716,19,Male,Low,South,330.68,1,Mobile,0
717,27,Male,Medium,North,393.04,19,Mobile,0
718,47,Female,Medium,West,67.52,28,Desktop,1
719,62,Male,Medium,East,426.7,4,Mobile,0
720,22,Male,Low,East,328.79,24,Desktop,0
721,50,Female,Medium,West,303.53,22,Mobile,1
722,18,Male,Medium,South,331.08,27,Mobile,0
723,35,Male,Medium,East,438.99,2,Mobile,1
724,49,Male,Low,East,314.12,25,Mobile,0
725,64,Female,Medium,West,311.43,14,Mobile,0
726,28,Female,Medium,East,495.81,2,Mobile,0
727,38,Female,Medium,South,390.53,29,Mobile,1
728,43,Female,,West,249.03,15,Mobile,0
729,42,Female,Medium,South,368.33,12,Mobile,0
730,39,Female,High,East,225.15,5,Mobile,1
731,44,Female,Low,East,152.99,28,Mobile,0
732,30,Male,High,South,318.58,20,Mobile,0
733,50,Male,Medium,North,467.68,29,Desktop,0
734,51,Female,,East,,7,Desktop,1
735,58,Male,Low,North,203.86,24,Desktop,0
736,52,Male,Medium,East,287.45,21,Mobile,0
737,18,Female,Medium,North,145.24,10,Desktop,0
738,38,Male,Medium,North,498.03,14,Desktop,0
739,23,Male,Medium,North,491.5,14,Mobile,1
740,45,Male,Medium,South,342.28,5,Mobile,1
741,34,Male,Medium,North,411.99,18,Desktop,1
742,22,Male,Low,North,371.8,24,Mobile,1
743,48,Female,Medium,North,316.92,14,Mobile,1
744,22,Female,Medium,East,74.01,2,Mobile,0
745,55,Female,Low,North,254.64,26,Mobile,1
746,20,Male,Low,East,353.65,12,Desktop,0
747,40,Female,Medium,North,354.89,22,Mobile,0
748,54,Male,Medium,North,217.91,24,Mobile,1
749,54,Male,High,South,473.76,6,Mobile,0
750,27,Male,High,East,125.31,4,Mobile,1
751,27,Male,Medium,North,275.16,13,Mobile,0
752,36,Female,Medium,East,360.9,4,Mobile,1
753,34,Female,Medium,East,363.71,22,Desktop,0
754,38,Male,Medium,West,341.89,14,Mobile,1
755,31,Female,Low,South,173.88,16,Mobile,1
756,26,Male,Medium,South,120.29,29,Mobile,0
757,63,Female,High,South,,4,Mobile,0
758,18,Female,Medium,West,319.69,24,Desktop,0
759,62,Male,Medium,West,130.71,25,Desktop,0
760,30,Female,Medium,South,367.31,1,Desktop,1
761,21,Male,Low,West,254.83,13,Mobile,1
762,18,Female,Medium,West,,4,Mobile,0
763,57,Male,Medium,West,426.82,20,Mobile,1
764,49,Male,Low,South,126.38,18,Mobile,1
765,51,Female,Low,South,58.62,6,Desktop,0
766,45,Female,High,South,400.6,3,Desktop,1
767,48,Male,Low,West,324.36,23,Desktop,1
768,25,Female,Medium,South,364.84,13,Desktop,0
769,56,Female,,West,,27,Desktop,0
770,43,Male,High,North,411.26,16,Mobile,0
771,51,Male,Low,West,482.41,27,Mobile,1
772,20,Female,Medium,East,291.17,5,Mobile,1
773,29,Male,High,South,269.82,4,Mobile,1
774,18,Male,High,South,230.85,21,Mobile,0
775,61,Male,Low,East,119.16,8,Mobile,0
776,22,Female,High,West,307.67,19,Desktop,0
777,47,Female,Medium,North,174.66,14,Mobile,0
778,47,Male,Medium,East,464.59,7,Desktop,1
779,34,Female,Low,East,312.44,14,Desktop,1
780,64,Male,Low,West,316.78,6,Mobile,1
781,40,Female,Medium,South,209.72,12,Mobile,1
782,32,Male,Medium,West,73.4,16,Mobile,0
783,54,Male,Medium,East,64.28,17,Desktop,0
784,38,Female,Medium,East,,13,Desktop,0
785,31,Male,Medium,South,88.05,23,Desktop,1
786,19,Female,Low,South,323.08,14,Mobile,1
787,28,Female,Medium,South,446.44,29,Mobile,0
788,56,Male,Low,West,447.31,7,Mobile,0
789,55,Male,Medium,South,346.57,14,Desktop,0
790,51,Female,Medium,East,145.05,15,Mobile,0
791,55,Male,High,East,438.35,12,Mobile,0
792,51,Male,Low,North,448.74,17,Mobile,0
793,35,Male,Low,West,138.49,9,Mobile,0
794,47,Male,Low,North,381.84,22,Mobile,1
795,32,Male,Low,East,178.93,15,Mobile,0
796,44,Female,Low,North,411.19,12,Mobile,0
797,51,Female,High,East,498.76,2,Mobile,0
798,55,Male,Low,North,63.51,5,Desktop,0
799,50,Male,Low,South,453.81,13,Desktop,0
800,41,Male,Medium,North,330.18,27,Mobile,0
801,32,Female,Medium,South,,20,Desktop,0
802,47,Male,Medium,South,259.25,23,Mobile,0
803,59,Female,Low,West,,8,Mobile,1
804,34,Female,Medium,South,78.08,27,Desktop,0
805,22,Female,Low,South,200.88,14,Desktop,1
806,46,Male,Low,North,80.16,15,Desktop,0
807,21,Female,High,East,488.9,11,Mobile,0
808,27,Male,Low,West,417.64,1,Mobile,0
809,34,Female,Medium,South,433.65,21,Desktop,0
810,27,Male,Medium,West,472.08,3,Mobile,1
811,34,Female,Medium,North,88.3,17,Mobile,1
812,37,Male,High,South,223.52,28,Desktop,1
813,41,Female,Low,North,81.97,19,Desktop,1
814,22,Male,Medium,West,144.86,14,Desktop,1
815,51,Male,High,North,153.21,22,Mobile,0
816,23,Male,Medium,West,261.1,23,Desktop,0
817,19,Male,High,North,170.85,8,Mobile,1
818,30,Female,Low,West,95.44,13,Mobile,1
819,60,Female,Medium,East,125.37,27,Mobile,0
820,60,Male,Low,North,116.27,20,Mobile,1
821,28,Female,Medium,North,487.88,3,Mobile,0
822,64,Male,High,East,391.68,5,Mobile,0
823,40,Male,Low,East,485.49,9,Mobile,0
824,33,Female,Medium,North,247.88,29,Mobile,1
825,48,Male,Low,East,175.27,6,Mobile,1
826,28,Male,Medium,South,409.23,25,Mobile,0
827,33,Female,Medium,West,196.81,22,Mobile,0
828,25,Male,High,West,184.72,2,Desktop,0
829,21,Male,Medium,West,154.63,13,Desktop,1
830,57,Male,,South,108.36,5,Mobile,0
831,21,Male,Low,East,165.41,28,Desktop,0
832,42,Female,Low,East,209.89,27,Mobile,0
833,20,Female,Low,North,353.3,25,Mobile,0
834,49,Female,Low,East,78.15,8,Desktop,0
835,20,Male,High,North,,23,Mobile,1
836,44,Male,Medium,South,414.06,1,Desktop,0
837,46,Female,Medium,West,116.11,20,Mobile,1
838,49,Male,Low,West,204.19,12,Desktop,0
839,36,Male,High,West,439.1,23,Mobile,0
840,38,Male,Medium,East,119.72,11,Mobile,0
841,22,Male,Low,North,,7,Mobile,1
842,35,Female,Medium,North,,15,Desktop,1
843,45,Female,Medium,South,186.09,22,Mobile,1
844,59,Female,Low,East,303.53,24,Desktop,0
845,39,Male,Medium,South,411.71,11,Mobile,0
846,38,Female,Medium,North,111.72,29,Mobile,1
847,23,Female,Low,North,311.31,22,Mobile,1
848,18,Male,High,West,277.48,26,Mobile,0
849,22,Male,High,East,114.84,16,Desktop,1
850,58,Female,Medium,North,330.8,3,Mobile,0
851,29,Female,Medium,West,173.14,20,Mobile,0
852,43,Female,,East,269.53,14,Mobile,0
853,63,Female,Medium,South,87.02,3,Mobile,0
854,51,Male,Medium,East,256.81,1,Desktop,0
855,31,Female,Low,East,187.91,26,Mobile,0
856,43,Female,Medium,North,420.07,21,Mobile,0
857,62,Male,,North,75.64,15,Desktop,0
858,44,Female,Medium,East,238.37,1,Desktop,0
859,26,Male,Low,North,256.29,17,Mobile,1
860,43,Male,Medium,North,376.25,2,Mobile,0
861,64,Male,,North,308.43,29,Mobile,0
862,39,Female,Low,West,350.25,20,Mobile,0
863,64,Female,Low,West,399.67,6,Desktop,1
864,47,Male,Medium,East,437.99,8,Mobile,0
865,60,Female,Medium,North,191.24,29,Mobile,0
866,34,Female,Medium,West,292.11,16,Mobile,0
867,43,Male,Low,East,428.05,19,Mobile,1
868,53,Male,High,North,495.25,1,Mobile,0
869,18,Female,High,South,450.28,3,Mobile,0
870,25,Male,High,North,217.16,28,Mobile,0
871,52,Female,Low,North,137.82,3,Mobile,0
872,32,Female,Medium,West,270.23,5,Mobile,1
873,64,Female,High,East,383.74,27,Mobile,1
874,39,Female,Medium,East,271.66,12,Mobile,1
875,31,Male,Low,West,267.43,12,Mobile,1
876,43,Male,Low,North,427.2,20,Mobile,0
877,45,Male,,South,212.63,13,Mobile,0
878,40,Male,High,North,436.91,20,Mobile,1
879,31,Female,,North,,9,Mobile,0
880,41,Female,Medium,South,197.7,7,Desktop,1
881,19,Male,Low,West,254.3,4,Desktop,0
882,62,Female,Medium,East,393.1,19,Desktop,0
883,43,Female,High,West,106.7,22,Mobile,1
884,31,Female,Medium,West,138.39,19,Desktop,1
885,24,Male,Medium,North,478.15,6,Mobile,1
886,20,Male,High,East,128.97,27,Mobile,0
887,64,Male,,East,305.48,13,Mobile,1
888,40,Female,Medium,West,310.69,11,Desktop,0
889,63,Male,Low,South,270.33,13,Mobile,0
890,60,Male,Medium,West,340.14,13,Mobile,1
891,64,Male,Medium,South,153.42,28,Desktop,1
892,62,Male,Medium,East,298.7,25,Desktop,0
893,35,Male,Medium,West,217.48,22,Mobile,1
894,55,Male,Medium,North,347.75,28,Mobile,0
895,52,Female,High,West,113.55,20,Mobile,0
896,32,Female,Medium,East,306.89,15,Desktop,0
897,42,Male,Low,North,133.37,21,Mobile,1
898,54,Male,Medium,North,175.39,13,Mobile,0
899,45,Female,Medium,South,148.42,22,Desktop,1
900,27,Female,Medium,North,132.28,11,Mobile,0
901,56,Male,High,North,421.57,19,Mobile,1
902,34,Male,High,West,178.57,8,Mobile,0
903,56,Male,Low,East,467.21,20,Mobile,1
904,39,Male,High,South,486.47,8,Mobile,0
905,43,Female,Low,West,307.07,10,Mobile,1
906,61,Male,Low,North,,26,Mobile,1
907,42,Male,Low,North,218.55,16,Mobile,1
908,34,Male,,South,408.98,19,Mobile,0
909,30,Male,Medium,East,215.33,26,Desktop,1
910,37,Female,Low,South,89.16,23,Desktop,0
911,42,Female,,West,300.55,11,Mobile,1
912,21,Female,Medium,South,430.3,13,Mobile,1
913,27,Male,Low,North,408.17,28,Mobile,0
914,20,Male,High,West,128.81,9,Desktop,0
915,58,Female,High,North,352.74,20,Mobile,0
916,62,Male,,East,149.23,24,Desktop,0
917,35,Male,High,North,148.19,19,Mobile,1
918,64,Female,Medium,North,443.33,16,Desktop,0
919,53,Female,High,South,162.35,7,Desktop,0
920,64,Female,Medium,North,168.46,19,Desktop,0
921,39,Female,Medium,West,50.29,12,Mobile,0
922,51,Male,Low,West,,15,Mobile,0
923,64,Male,High,East,406.67,23,Mobile,1
924,25,Female,Medium,West,332.3,14,Mobile,0
925,57,Male,Low,South,387.62,11,Mobile,1
926,61,Female,Low,East,,26,Mobile,0
927,36,Female,Medium,West,256.25,10,Mobile,0
928,59,Male,Medium,South,208.05,27,Mobile,1
929,58,Female,Medium,West,92.2,11,Mobile,0
930,54,Male,High,West,268.76,6,Mobile,0
931,23,Male,Low,North,464.33,2,Desktop,0
932,43,Male,Medium,West,68.03,11,Mobile,0
933,51,Male,Low,West,181.16,19,Mobile,0
934,62,Female,High,South,143.39,6,Mobile,0
935,23,Male,High,South,157.17,14,Desktop,0
936,54,Female,Medium,North,458.8,20,Mobile,0
937,50,Female,Medium,West,260.63,6,Mobile,0
938,39,Female,Medium,North,259.83,17,Mobile,0
939,38,Female,Medium,West,392.26,10,Mobile,0
940,23,Male,High,East,119.52,28,Mobile,0
941,23,Male,Medium,East,269.27,1,Desktop,1
942,21,Female,Medium,North,243.49,3,Desktop,0
943,47,Female,Medium,North,318.61,8,Mobile,1
944,28,Male,High,North,499.8,8,Mobile,0
945,47,Female,Medium,South,396.25,27,Mobile,1
946,48,Male,Low,South,229.04,20,Mobile,0
947,41,Female,Medium,South,422.4,22,Mobile,1
948,26,Male,High,North,126.82,15,Mobile,1
949,20,Female,Low,West,63.71,24,Desktop,0
950,48,Female,Low,East,142.0,7,Desktop,1
951,57,Male,Low,North,203.19,11,Mobile,0
952,54,Female,Medium,South,279.76,7,Mobile,0
953,53,Female,Medium,South,326.81,29,Mobile,1
954,41,Male,Medium,North,459.77,4,Mobile,1
955,48,Female,Medium,North,279.43,25,Mobile,0
956,23,Male,Medium,South,275.57,12,Mobile,0
957,19,Male,Medium,West,72.61,26,Desktop,1
958,37,Female,High,South,65.71,6,Desktop,1
959,45,Female,Medium,South,298.02,14,Mobile,1
960,28,Female,High,North,247.18,12,Mobile,1
961,21,Female,Medium,West,427.63,11,Mobile,0
962,32,Female,Low,South,122.31,19,Mobile,1
963,23,Female,Medium,South,61.24,21,Mobile,0
964,47,Female,Medium,East,252.07,5,Mobile,0
965,55,Male,Medium,North,156.87,14,Mobile,0
966,19,Female,Low,East,72.33,21,Mobile,0
967,32,Male,Low,East,376.07,24,Desktop,0
968,28,Female,,South,100.22,16,Mobile,1
969,25,Female,Low,North,323.74,25,Mobile,0
970,43,Male,High,West,176.47,13,Mobile,0
971,62,Female,Low,South,128.07,25,Mobile,1
972,61,Female,Medium,West,,29,Mobile,0
973,22,Male,Medium,West,410.65,22,Desktop,0
974,23,Female,Medium,North,226.44,22,Desktop,0
975,43,Female,Medium,East,387.85,25,Mobile,1
976,21,Female,Low,North,106.47,20,Mobile,0
977,36,Male,Low,West,397.75,22,Mobile,0
978,37,Female,Medium,South,156.62,4,Mobile,0
979,50,Female,Medium,West,354.83,11,Desktop,0
980,37,Female,High,South,304.6,17,Mobile,0
981,29,Female,High,South,468.12,7,Mobile,0
982,64,Male,Medium,North,224.3,14,Mobile,0
983,18,Male,Medium,West,,26,Mobile,1
984,43,Female,Medium,East,58.62,11,Desktop,0
985,31,Female,Low,West,,28,Mobile,0
986,55,Male,High,West,286.13,22,Desktop,0
987,54,Male,Medium,East,398.86,9,Mobile,0
988,28,Female,Medium,North,155.49,23,Desktop,1
989,53,Male,,West,205.29,13,Mobile,0
990,30,Female,Medium,West,63.55,23,Mobile,0
991,60,Male,Medium,South,482.67,18,Desktop,1
992,20,Male,High,West,,28,Mobile,0
993,50,Male,Medium,East,469.94,11,Mobile,0
994,23,Male,Medium,South,169.47,15,Mobile,0
995,27,Female,High,North,325.16,25,Desktop,0
996,22,Male,Low,South,355.32,26,Mobile,0
997,40,Male,Medium,East,192.9,25,Desktop,0
998,27,Female,Low,East,,22,Mobile,0
999,61,Male,Medium,South,476.22,29,Mobile,1
1000,19,Male,High,North,448.18,19,Desktop,0
